Time;Epoch;Train Loss;Test Loss;Exp_Diff;Train_1;Train_2;Train_3;Train_4;Train_5;Train_6;Train_7;Train_8;Train_9;Train_10;Train_11;Train_12;Test_1;Test_2;Test_3;Test_4;Test_5;Test_6;Test_7;Test_8;Test_9;Test_10;Test_11;Test_12;Exp_1;Exp_2;Exp_3;Exp_4;Exp_5;Exp_6;Exp_7;Exp_8;Exp_9;Exp_10;Exp_11;Exp_12
00:01:14;1;0.0011290443438734985;0.0011344517343913358;0.0011788256215786162;0.0007467705083647822;0.0012028634295843817;0.0025686192237282576;0.0007815836286433544;0.00100396621945203;0.0010204109911765872;0.001004815056892932;0.0009884560563064456;0.0011197920448880309;0.0009882575573514755;0.0012745517347370464;0.0008484452219735514;0.0007462195755141681;0.0012499887991366508;0.0025264133133371417;0.0008140662073487817;0.0010210847241886526;0.0010109924146893753;0.0010348695317059283;0.0010035858913973162;0.0011493564550941692;0.0009637203861817812;0.0012346184532499955;0.0008585046434515639;0.00024020557989445955;9.574676929539536e-05;0.009700314031890598;0.0011867212596852344;0.00047468949737858356;0.00017537572903136042;0.0005097069117494803;0.0005967076643713629;0.0002551065631765391;0.0002088530454607962;0.0002515891963818707;0.00045089121062771127
00:02:30;2;0.00035338640968389387;0.00035525498435761825;0.00028901553338635586;0.0003530422623663815;0.00040182501807480134;0.00040149631430805044;0.00028198135332373073;0.00036134702691015264;0.00024856033405740163;0.0003256698456136126;0.0006822556553991242;0.00025689263256109285;0.00029412590825731144;0.00032932702195218803;0.0003041134257066667;0.0003510082589648075;0.0004170142404095541;0.00040563253469947915;0.0002932444896734662;0.00036131140066434546;0.00025186529663049533;0.00033716446645646296;0.000663108170280068;0.0002659156018148966;0.0002898026183704386;0.0003273113355515053;0.00029968130022811976;9.514603232589173e-05;5.9565246101491436e-05;0.0012511264088204098;0.0008326580353887053;0.0002021542841737659;0.00017131521443262238;0.00019537585222465035;0.00011708883270377608;0.000144778719438288;0.0001329468549827126;8.27784246282161e-05;0.00018325249541573894
00:03:45;3;0.00022113966683305492;0.0002246860416953841;0.00019082830379540746;0.00014248671378812685;0.00023067200725728816;0.0001911110722093409;0.00020208013002461072;0.0003144373094983166;0.0002871700028001876;0.00015356846050839192;0.0002775996846056924;0.00016906748966117777;0.0002825503282896203;0.0002196002330327412;0.00018333251102831127;0.00014984960893619972;0.0002399884748988773;0.00019750041338980576;0.00020643383506950745;0.00031610141630591;0.00029095626013247365;0.00015796743877839203;0.00028106778336223215;0.0001764444910067935;0.0002800219112423638;0.00021486678433345184;0.00018503400533978793;6.845807659211224e-05;9.259584465169839e-05;0.0003098694653465857;0.0006353541090119478;0.00010593974457813453;0.0005990549396209422;0.00014233612229350335;6.489140545227326e-05;6.592738422025181e-05;5.0623206426631546e-05;7.532175094757201e-05;7.956759640323673e-05
00:05:01;4;0.00017965286433123268;0.0001812579671710824;0.00010830310479582005;0.00010935164066888154;0.000254755246797603;0.00015566269382816245;0.00013556975202597889;0.00014655498262072797;0.00022092185694914818;0.00013314104654165766;0.0002574286908260216;0.00013498549501698355;0.00013131391762561344;0.00020215713309632767;0.0002739918531708761;0.0001114539776654631;0.00025572923637994367;0.00015053455404719172;0.00013924401580972032;0.0001495632295470237;0.0002204096749722604;0.00013614873216882394;0.000262297024210632;0.00013991236188257397;0.00012908948425504178;0.0001938095932628936;0.0002869036681566953;4.781808534338803e-05;0.00011566566380432605;0.00015332860532341882;0.0002971650021556736;8.889958805422953e-05;0.00021178704127546895;5.348069903897024e-05;7.141643209862531e-05;0.00010612444234548027;4.058207904540572e-05;4.3241182610184984e-05;7.012843645466886e-05
00:06:17;5;0.0001620152652321849;0.0001645499445819237;0.00011471148135724778;0.00017734551829562406;0.00019041809797603162;0.0001954628387156018;0.0004177408394835683;0.00013265351436654203;0.00015453158242838651;9.449388491330782e-05;0.00012112255237959538;0.0001189824999776399;0.00012576904384786758;0.00012799917043470157;8.766358802280261e-05;0.00017798349704840986;0.00019947459860085922;0.0001919129851408291;0.0004165944447328301;0.0001387031393566263;0.00015949926584446212;9.855539560070426e-05;0.0001242892122039088;0.00012237687521139633;0.0001251889821738771;0.00012683940117830952;9.318147452556988e-05;4.922867888416281e-05;7.996925312322677e-05;0.00021424756820195918;0.0004939493907767682;7.860462293991055e-05;0.00017954633412135097;5.000095657699427e-05;6.306541546169514e-05;3.997737925355439e-05;3.451969508366137e-05;2.11056029465484e-05;7.23228789171414e-05
00:07:32;6;0.00013492441287739481;0.00013739697989209002;9.47863862763653e-05;8.926376548598373e-05;0.00010742804245596331;0.00010581790883696323;0.00012100978724757542;8.612546621510442e-05;7.752631255057581e-05;0.00011179791138974079;0.00016348976055269304;0.00030971054159387927;0.00019810289809770026;0.00013131570481370792;0.00011750479889501135;9.264953861262095e-05;0.00011112759515342503;0.00011210554390644678;0.0001236321710350723;9.009290797506236e-05;7.949383686962714e-05;0.00011720354298551131;0.00016148571666224;0.00030685606824464013;0.00020303608093681874;0.00013068651771644437;0.00012039417418271091;1.574342336911195e-05;6.90241044662048e-05;0.00019359482156527675;0.0004121788480076034;4.0274270313484196e-05;5.797289163097525e-05;3.590842158855448e-05;0.00018849752195979858;2.0097608110516472e-05;2.5427265780965005e-05;2.179402582403877e-05;5.692343269985432e-05
00:08:48;7;0.0001066174075028605;0.00010899140337803342;8.884638672487387e-05;6.756792396861948e-05;0.00011416494443107116;0.00024165934436578854;8.536813444689787e-05;0.00010858403901569214;8.70210788910051e-05;8.373551698716916e-05;7.159437987783431e-05;9.678731759198523e-05;9.378730717137593e-05;0.0001581865557227502;7.095232120429335e-05;6.916581406596978e-05;0.00012014286168570973;0.0002409577847876928;8.937562436390008e-05;0.0001104362120633043;8.999343780591448e-05;8.896444065796942e-05;7.543553754980558e-05;9.749092673182877e-05;9.539609481514242e-05;0.00015808663241081883;7.245144665888157e-05;2.3109728940920288e-05;6.896446554396934e-05;0.0004862331767709708;0.00020723232053131922;5.4963498452422e-05;8.663039350265776e-05;1.8115357760316803e-05;3.782438346783966e-05;2.4386750791608405e-05;2.0654829725014216e-05;1.7081661580255725e-05;2.09600736311923e-05
00:10:03;8;8.807240843370064e-05;8.969845666912608e-05;8.087877308400795e-05;6.417441968344725e-05;0.00015442300895591126;0.00012128131217278596;0.00012022390190354186;8.244113732561428e-05;6.284646057834338e-05;5.0403566066589434e-05;6.87456045408329e-05;8.708871017275173e-05;8.200558380105411e-05;8.555314112031324e-05;7.768202785159288e-05;6.848925477243029e-05;0.00015405722246490585;0.0001220037358300171;0.00012331488015442568;8.383134562894997e-05;6.474294915981002e-05;5.02411531451338e-05;6.929506859786313e-05;9.227958771243951e-05;8.105934190282398e-05;8.674637543271837e-05;8.032054374550021e-05;1.3724902331648026e-05;0.00012601059596596808;0.00040965568048375423;0.0001749306685891317;3.513756095648943e-05;3.399700906908246e-05;2.9137326567811115e-05;5.358177341643781e-05;3.265520912172207e-05;2.15751026403022e-05;1.837590398841713e-05;2.1763543877330784e-05
00:11:19;9;9.943108692699421e-05;9.982369623155793e-05;6.787255403817928e-05;6.64232665392526e-05;0.00012253782811264748;0.00010315892532989065;0.0001097316326298493;8.634394631392503e-05;8.82290214292425e-05;0.00010995009773751008;6.750815948531785e-05;8.20071411505358e-05;0.00010698429375886256;0.00017979881263065843;7.049988862077457e-05;6.584954715873221e-05;0.00012532691913362168;0.00010105251254295765;0.00010984663140909935;8.568185056659947e-05;8.824515173762825e-05;0.00011532090649803027;6.75958773298808e-05;8.42062020442254e-05;0.0001074080440198083;0.00017649612953713978;7.085455019731381e-05;1.0138963590049593e-05;3.215721254288712e-05;0.0002437783424951422;0.0001684274040954433;4.233430400828903e-05;0.00013128670558531152;6.43409181653267e-05;3.84153429021295e-05;2.186906534306969e-05;1.8584401642803855e-05;1.1024061026635581e-05;3.2113927061063274e-05
00:12:34;10;9.43988570725196e-05;9.515389379723988e-05;0.0002543702211323563;6.293482571932559e-05;0.00011690317705353499;0.0001150325180002586;8.876289378825028e-05;7.75144524192745e-05;5.695651250644832e-05;4.986543356721995e-05;0.00020541064005060022;8.245426384560646e-05;0.00013631375538187223;6.784806930681953e-05;7.278970990786216e-05;6.466657987978498e-05;0.0001227774961609865;0.00011541773222498832;8.750430599689082e-05;8.133133078329973e-05;6.026825116051337e-05;5.02511712638116e-05;0.000205568448143799;8.151200671807002e-05;0.00012987985863656843;6.811364046025349e-05;7.455586271560927e-05;1.2342192184453101e-05;0.00012301222773186763;0.001397842614286283;0.0013198662935791092;3.889458524721521e-05;2.9736522814805108e-05;1.2047354205018264e-05;3.567772263371235e-05;1.6915225910982483e-05;4.1360726408747414e-05;1.4651661876319346e-05;1.0095526709763636e-05
00:13:50;11;8.466695441132866e-05;8.611988799006949e-05;7.748591263743495e-05;7.140653492983388e-05;8.317694308020278e-05;9.121789369456482e-05;0.0001591404495064291;8.86925430398316e-05;6.4402590091752e-05;0.00011255467152502455;5.832428409617437e-05;4.8852510549192054e-05;4.1043099878896264e-05;0.00014179790922629434;5.5393991136621814e-05;7.367069556954747e-05;8.633746739765747e-05;9.14763073478177e-05;0.00015727213408526835;9.011933678588712e-05;6.702323966398776e-05;0.00012042050053147434;5.9618448095891295e-05;5.0493807020181604e-05;4.127490326568419e-05;0.00014037482745877668;5.535694914744707e-05;1.1693822510377119e-05;3.058036848324858e-05;0.00012820689248777144;0.00039597277912290115;4.6443766800960824e-05;0.0001383634155732981;1.8336405420754753e-05;3.550548375288745e-05;4.103943394348838e-05;1.8411148986681913e-05;1.2949139803005765e-05;5.232829476384433e-05
00:15:07;12;6.64077294862347e-05;6.740899131923643e-05;5.7901026224700464e-05;4.7874972386290956e-05;9.817115017085598e-05;6.715678661996869e-05;5.8748594827048606e-05;5.3681538511020996e-05;4.673774193716699e-05;3.972008789529272e-05;6.515936428286295e-05;8.378473656669236e-05;6.509451598255758e-05;0.00010940725308149591;6.135598449542489e-05;4.897682187151122e-05;0.00010040974532934849;6.83324975352086e-05;5.982070359993797e-05;5.481910861069278e-05;4.841201536945374e-05;4.194212785098242e-05;6.51507232046415e-05;8.5026009009762e-05;6.413622869803464e-05;0.0001088818893480539;6.300000677583739e-05;1.0399396568512832e-05;4.4370964826384846e-05;0.00028480203405293036;8.723821657104358e-05;6.989371966670025e-05;4.7263368433208534e-05;1.1645405030125612e-05;6.695299781696594e-05;1.6338738887667107e-05;2.155058293417805e-05;9.709100628446e-06;2.464778928024281e-05
