Time;Epoch;Train Loss;Test Loss;Exp_Diff;Train_1;Train_2;Train_3;Train_4;Train_5;Train_6;Train_7;Train_8;Train_9;Train_10;Train_11;Train_12;Test_1;Test_2;Test_3;Test_4;Test_5;Test_6;Test_7;Test_8;Test_9;Test_10;Test_11;Test_12;Exp_1;Exp_2;Exp_3;Exp_4;Exp_5;Exp_6;Exp_7;Exp_8;Exp_9;Exp_10;Exp_11;Exp_12
00:01:33;1;1.360066231273458;1.3660696335253373;1.0745457161248217;1.3328801422964784;1.575123956658386;1.3940230500535897;1.4119823753668777;1.508030169541815;1.2251404464944045;1.2389966285869458;1.4473092752149268;1.2842673176213537;1.2760746050046232;1.3490664265270376;1.2248068195547037;1.3430435648438999;1.5895806278320566;1.3884978555998444;1.4081355358916583;1.538456902300489;1.215669030599607;1.2354776138604167;1.452608919360051;1.3091319529365193;1.2798519453805088;1.342413753813209;1.2318073007017505;0.647183068496425;0.5666333861467315;2.287676332055068;2.168156697343035;0.6143527289134704;1.0401648367323528;0.9527494310751197;0.6307553325629816;1.5317482214439206;0.7304690676200681;0.9743308238285343;0.7503286672801506
00:03:06;2;1.1740777649988026;1.1832240875194922;0.9605176839862414;1.246859544653374;1.384650033562553;1.1832391086436487;1.1919380317309274;1.314807621770975;1.0866386396506182;1.0587418133081161;1.2136062419284432;1.0806851194745806;1.021025274732874;1.1710395808972989;1.0788111569121264;1.2609903072426443;1.3901948406016134;1.1906567224109157;1.1923001315035189;1.3378082275833372;1.0817707330987116;1.0662125409292853;1.227741238551382;1.0984330173225987;1.0338495367431035;1.1751928007751546;1.0851978749297588;0.5274600901254795;0.5061698783316263;2.5484178380268374;1.3142458431313682;0.5008127555033057;1.0437582333204225;0.7382325220689542;0.40857277556163507;1.460870090810264;0.6464619120155893;0.9262643226181588;0.9049459463212548
00:04:40;3;1.1193440031258841;1.1327109845145094;0.940510612193162;0.9668296485896584;1.4120125426882517;1.073831649645678;1.2144337609693623;1.175702227301818;0.9773152122802211;1.0337057621492431;1.0449179914982158;0.9894573473404649;1.1636680049079446;1.2488014032670858;1.0431647814840637;0.9775170339711243;1.4094747869918012;1.0794493409779777;1.2185552540389186;1.207012307073396;0.9796161931845333;1.0482444193785756;1.0538279088291647;1.0152077662826215;1.192543144578557;1.2695741596544534;1.0552925665805284;0.46915059176886953;0.48602912286432776;2.331420064321378;1.7845902091119348;0.43186643612094056;0.9438910676793358;0.7027374254784934;0.43940562236599817;1.3210326048222987;0.6506482820394563;0.7979040954752664;0.9274518242696437
00:06:14;4;1.0288622454245884;1.0425284853163639;0.8647650757407755;1.0156646108945013;1.1517554131233079;1.0408636570085286;1.1087475052501334;0.9684981036148446;0.9572386246348135;0.8724840629318824;0.9875238152027941;1.0891500749389544;1.0557278663684917;1.1070265103655628;0.9564588933730243;1.0279746844550668;1.1641506057479847;1.0629931032473092;1.122135411778124;0.9868185231668094;0.9634645430049115;0.8841989245728465;0.9953105721107087;1.1118016971097735;1.0815266440963012;1.105859398478048;0.9685107653791705;0.3110720296022368;0.5451142205843111;1.5124371635623097;2.3908187438220514;0.4933970425768599;0.7795515284887177;0.6975383391031406;0.43694099874031256;1.0353327997137864;0.6269551726085386;0.7430682802200316;0.8049545898670103
00:07:48;5;0.9719926529219594;0.9848831664129967;0.8310698981619463;0.8798138132105714;1.0507602964249003;1.0552201236985763;1.0409597823473553;1.043977833413837;0.9894484485148218;0.8784288452270811;0.9785052688593474;0.940423028670854;0.8535984164283257;0.9916864401048769;0.9313992287493784;0.8876029938499591;1.0623597305564683;1.0558752186006608;1.0596291191193148;1.0699326648614202;0.9920153068303431;0.8935170821287546;0.9931362623433639;0.9578502546752896;0.8785434303085103;0.994316346519165;0.9456643254442996;0.36765370124723845;0.4840142555353119;1.8942499086333486;1.8839551568031305;0.5337809419050451;0.553609023094177;0.561910281413939;0.32451871430001605;1.177594060607073;0.5449470819205774;0.7647060673992806;0.8818995850842174
00:09:22;6;0.9625655167162471;0.9718497346898629;0.7313509917210758;1.1276311642959445;1.2002967126699828;0.9003462215465684;0.9290258686025936;0.9383381683950414;0.8328928386674702;0.9440395487441663;0.9809719597822231;0.9252735384900858;0.853354152968947;0.9637018077914891;0.8897417179184448;1.135534523064879;1.194376397481943;0.913578250257426;0.93548163513483;0.9612338902773911;0.8335393044065128;0.9582157352858602;0.995070557355543;0.9420140928285494;0.871261058934468;0.9679190125580288;0.8931534138992371;0.26068574352962215;0.5151420802023353;1.4228798340588076;1.2945923011477405;0.5194379536116995;0.6084455089452793;0.5786877350690889;0.458981423058161;1.1266101213780848;0.5180164932041634;0.6403282863047064;0.8324044201432205
00:10:56;7;0.8805951189209207;0.8936071793089063;0.7171428086529904;0.8472660864843252;1.0028595289824611;0.8199622105471566;0.8698036969113748;0.8910234104323628;0.8808773534585559;0.8998517386622886;0.9004739009017761;0.8249047283975762;0.8422724871669977;0.8690545589306647;0.9040402099326318;0.8618502965205249;1.0228726304336198;0.8356261865942529;0.8824213552025163;0.9128818863299908;0.8885423929580099;0.9131092482290082;0.9121293435084715;0.8365693612671067;0.8646336187274453;0.8699364509166857;0.9075097120083478;0.31875815577623323;0.49968507522489986;1.2100873956447695;1.4032623268918294;0.4834058328954186;0.9533766183329793;0.5440094103755021;0.36803870090624174;1.0710184843365742;0.471489329890507;0.5741209871594497;0.7084613864014788
00:12:29;8;0.8224210293292589;0.8360104240019652;0.8280384508792946;0.860255475757667;0.8892538433041575;0.806981299682292;0.8180955433836392;0.900327059341022;0.8041965234335905;0.7316056164488284;0.8262523415428786;0.8131835307341697;0.8156101020121327;0.8058726102046218;0.7835983430378857;0.8695179222818237;0.9031651268808427;0.8140845670451858;0.8350626791240882;0.9239212863595939;0.8132479529138632;0.7509651450124997;0.8360635465586069;0.8323277128511565;0.839504450533716;0.8090331465930892;0.7906347575098541;0.29178011632547146;0.3743768151794991;1.9461244090010474;1.8270726529563344;0.5675983756926003;1.2977901496538302;0.4998658891421992;0.31861787063319497;0.9796308809954949;0.45154627651703066;0.6511802188361562;0.730877755618677
00:14:03;9;0.7944211643917287;0.8111547688659324;0.6868070603240796;0.7033250006542566;0.8384491765333941;0.8350748482000896;0.7892203489071835;0.9728291508474278;0.7246012156705365;0.7736130580453536;0.7724629685481061;0.7295750806472424;0.7043536113959805;0.8490810212144355;0.7996409641999103;0.7158962372173749;0.8579660047857606;0.8495453431516374;0.8123279502514266;0.9906118472592059;0.7395135776801786;0.7887168349343157;0.7895903357618248;0.7581209617662256;0.7291303894579872;0.8489755057036585;0.815223958391611;0.27184040313813757;0.4695444932798061;1.1494332876438051;1.5863040357101257;0.8491056906304707;0.554434157958845;0.456294403890284;0.4378795877607858;0.8463866703684737;0.4116594333474229;0.5016930652536996;0.7071094949071001
00:15:38;10;0.7504294351546491;0.767329974824666;0.8330774850646656;0.7232202844539547;0.8659700422758632;0.7408571443993759;0.7718007748375966;0.8169887756478053;0.6820484075225081;0.7222645734835813;0.7550246267469035;0.6984800795841688;0.6848380803193208;0.7984869257565123;0.722070953465232;0.7386206850780602;0.8820388608619705;0.7612533297120602;0.782753285932514;0.8407307156594465;0.6969221783043483;0.7390435472787273;0.7697412864147226;0.715287376238587;0.707791162353779;0.812531794618355;0.7387509404829284;0.27334423826961984;0.514705373630291;1.8860219099463493;2.826040507467781;0.6161349852492171;0.5405806055592329;0.43545405855992936;0.44341204032665354;0.9209810052266935;0.38744769395851514;0.4876219481665913;0.665185454415112
00:17:12;11;0.7165244624118328;0.736531788283821;0.6573151779707856;0.6701117205210266;0.8203494595726079;0.7191325458519626;0.6999042454159787;0.7628353345577713;0.6689838127090211;0.6827620238148346;0.6986028475732636;0.689824285748919;0.7496549900467955;0.7335484216706478;0.687201965768584;0.6889056312926233;0.8401775065152929;0.7410031744638124;0.7196207965746244;0.7870884014573577;0.6896459387438106;0.706288181065294;0.7146780035193883;0.7084842874778458;0.7741683812932144;0.7494322790186242;0.7033185777641555;0.24780444034715982;0.5496033868847823;1.3931071788508724;1.4658852038732393;0.6160133647918702;0.6099361485969732;0.43050646816811905;0.4568763747447875;0.6872805335463545;0.37866722272663594;0.47794823425572086;0.5741535788629113
00:18:46;12;0.7030092332678173;0.7225503640477343;0.6523639201778707;0.693114453836337;0.7803092467035999;0.6994199072236499;0.7131806763930225;0.8343649891708802;0.684726504483404;0.6720928848512951;0.6720737505549306;0.686132470255787;0.655140812087182;0.6689400476311481;0.6539749695098557;0.7071970142288683;0.796438170493838;0.7218781189083048;0.7299007790924941;0.8594532776134254;0.6988251845161453;0.695592322591304;0.6860519840370555;0.7130335719225657;0.6821543642397679;0.6841994633322851;0.6732241482278689;0.23446820186405645;0.5461041212663419;1.4913133984077271;1.3833715348127416;0.7651465998626339;0.566930127812595;0.44193400749346107;0.3902259323073597;0.6611542563903622;0.31576396959583936;0.46712185167684783;0.5648330406444829
00:20:20;13;0.6754838806748229;0.6963149911846352;0.576655449133094;0.6478007407181332;0.7237322072820263;0.7110564143216358;0.6735732598648835;0.6975692436156152;0.6000655383121379;0.6318470755171057;0.646454597264088;0.7496166072537913;0.6338365215133608;0.6825422766141633;0.6922800964759988;0.67451231334245;0.7526974457654693;0.727951785324903;0.6898580420142706;0.7198787263578252;0.6202663869464357;0.6576508432852757;0.6580586597842129;0.7732560240430209;0.6578638769461489;0.6945209197622213;0.7136846274234392;0.24232145995628546;0.43558894942446463;0.7923881735452798;1.4973329484753495;0.5659266585256997;0.3900822918589522;0.38048308831889455;0.46171583504211616;0.7725125835000015;0.330673639134663;0.4812565311862201;0.5695832306291999
00:21:54;14;0.6971553871478402;0.716808192088239;0.7102614778413523;0.6413369056641628;0.7826185227689375;0.7685388778924189;0.6781983469260963;0.6958036935468116;0.6862824051168651;0.663219370226125;0.6696857090777484;0.6789277478806514;0.69706641827458;0.6735948811753789;0.7168388494435242;0.6594918042711982;0.8057268070029494;0.7826517708370251;0.6956545253598525;0.7207256045229857;0.7003354119422518;0.6965262177638945;0.6834932701123178;0.6971050038778035;0.7215748901465247;0.6982086890374128;0.7271970461446887;0.2549854322177608;0.5927843832097401;1.981290028269699;1.6790488169832931;0.6519020908053329;0.48605126805421794;0.42971814295140703;0.4635187894832797;0.7121971358904022;0.3407216270522374;0.4042278657017685;0.5266921534770872
00:23:28;15;0.6552506558564207;0.6750650167558934;0.7058206467415259;0.6205699559252837;0.7260140099336341;0.6931884128227697;0.6666047993284088;0.7349421828319924;0.633707418578402;0.6160014640101312;0.6921234940100911;0.6423854913630843;0.5898093354174127;0.640145856959263;0.5870490905608404;0.6410207526050293;0.7494409677246254;0.7076008387668009;0.6805600010267627;0.763304910631577;0.6533032614286158;0.6424899986708665;0.7157416864690366;0.6594455293672231;0.6074128361908655;0.6502233819550274;0.6090933032282637;0.23788008957374387;0.43688684396627486;1.5119539530684312;2.480301010550522;0.6192397639809586;0.4056437839531316;0.3618553816690677;0.3867705976672289;0.7178299841648192;0.29775165069393994;0.4263768163832222;0.5873578852269707
00:25:02;16;0.6213153849865605;0.6443296759456385;0.5436812971302166;0.5889851975749069;0.6589633488025156;0.6306114424936892;0.5898246555022492;0.605609505222687;0.708011017358082;0.6013305577454225;0.6092620570572851;0.6814770778750007;0.5941164204768479;0.5967765342433075;0.5756080717724034;0.6112148158110531;0.6871841828271186;0.6568169074549195;0.6101669854179492;0.6326017290793493;0.722859162283955;0.6270133094639987;0.6229421847558102;0.7068697769427524;0.6242641441268505;0.620347075287322;0.5952283116974205;0.23658815535103403;0.4390011326278128;0.9170594424736216;1.4820168441679422;0.43990960551471264;0.32473288216241986;0.3542568083798013;0.42843783849623157;0.620938640571222;0.28056826870615886;0.47711631769087254;0.5235496294207689
00:26:36;17;0.6155621207182602;0.6360221967773391;0.5995578347715906;0.6598870667902258;0.6680101166841633;0.5898560604716739;0.5981398959059988;0.6458364368215044;0.5845261372963635;0.6621389349679655;0.5866364158966718;0.6070922252477932;0.5489711031485456;0.606367510718979;0.6169708398960428;0.6741921575653459;0.697807046741582;0.6112034459702167;0.6208017151006917;0.6720888773937381;0.5973396786090921;0.6833439374527955;0.6004932723483032;0.6254760661366899;0.5798367284200882;0.6223152323868084;0.6348859126447012;0.2271507107630009;0.43938130384538243;0.9612981517140463;1.8560191549324407;0.6115276407613988;0.4208703937472367;0.32209749896351886;0.49854145765304564;0.6739608943753125;0.25826236070656194;0.4362935254631972;0.48929092433394455
00:28:09;18;0.5874536911171223;0.6127540950850031;0.5978667094964321;0.5264042080483433;0.6747389539828283;0.6673627175432905;0.5599402677397682;0.5968343021236513;0.5374988421030499;0.5797886766088931;0.6046568481837983;0.5954231144522448;0.5192796057786786;0.5975101711629814;0.5673291694102156;0.5532761224916188;0.7035517249244357;0.695430023370921;0.5892126108234774;0.6264277634736848;0.5513319531840274;0.6159620412883421;0.6258039696567275;0.6106505620221016;0.5450502893157428;0.6224918150261414;0.5906169827278708;0.2326597981627395;0.5216420845578357;1.3606320925456725;1.4600766142112451;0.5244779226256578;0.5938304930779995;0.3524557418648789;0.4722886353004269;0.552254974551317;0.24938843991698287;0.3667777389433326;0.48791597819909815
00:29:43;19;0.5830429887584428;0.6055939865355353;0.710498357661129;0.5669462871195513;0.6622553534067728;0.6555873103456317;0.5625607031806219;0.6033932008610844;0.5989445797729667;0.5139549818307625;0.5766557713635023;0.6141842111349757;0.5034118550195177;0.5840811725143846;0.5307482858758501;0.5918134314741033;0.6887218514564162;0.6821913210077744;0.5816708979487573;0.6301690442337765;0.6073692925012223;0.5401716744674587;0.5984698302673613;0.6333361921553261;0.5290311643943695;0.6037243332002362;0.557842249938609;0.23724730820190618;0.6269567037791741;1.8299179877304457;2.0958705432822065;0.6546928938132961;0.5662841283402791;0.3384141690556596;0.4903280668433121;0.5663530746901907;0.2805067119801918;0.375413080337571;0.46399562387931637
00:31:17;20;0.5741569631197869;0.5962344440000732;0.6916051614841795;0.5788886864406974;0.7172522195687917;0.5897951151080669;0.5899947585777181;0.6153894643316746;0.548900568105658;0.4772696247767142;0.5930304823199881;0.5210298299886976;0.5044739436704425;0.5663725601136207;0.5514962718694743;0.600782934373881;0.7413395433441807;0.6162395719389191;0.6104325820442585;0.6427793091419752;0.5604987560675981;0.5027155055608344;0.6133424374276011;0.5442389494286998;0.5303540642306088;0.5841504101970585;0.5728030266477999;0.22333795120076438;0.6256028235249403;2.0558431355546163;1.9185499109291448;0.6368798864178541;0.4473494012762861;0.286014726772541;0.5435099930298039;0.5905421892608084;0.2482145899679603;0.34916704872759374;0.37425028114784054
00:32:51;21;0.55885603581146;0.5815623377352984;0.6010525025342538;0.5519156729348482;0.6573817291166819;0.5259478036235525;0.5262730560130626;0.5382885328994627;0.552595883589385;0.5799248452091801;0.5423170394885531;0.5504409812938273;0.5732461479108427;0.5868081412930856;0.5059812888690822;0.5732871251284497;0.690119146450328;0.5510464607671999;0.5491819924040217;0.5656596262364966;0.5673925124354304;0.6042558451277983;0.5639271913136671;0.575681516538486;0.5877199227349074;0.6027664743657872;0.5321709016517174;0.2180434812569037;0.5448686124638813;1.7115688323974616;1.3860664662791464;0.6586022490699117;0.38785164303895897;0.32334480492080125;0.4784723791698131;0.5205712086107671;0.2118124225517599;0.3457416315776546;0.4256862990739869
00:34:25;22;0.5477704842245076;0.5729975936516674;0.5481323751298394;0.5970272686483092;0.6115061253796248;0.49778268304130513;0.5649073210128477;0.5709630915470754;0.484542153567468;0.47329317634218;0.507388349786798;0.5343396480708753;0.6388985088562494;0.5602145716244311;0.5035483184828106;0.628710662377711;0.6376195686382395;0.5268280665026288;0.5908822483927316;0.604029296427384;0.5047471503927835;0.5035817787034292;0.5295236868048154;0.5591787840468573;0.6560057700251787;0.5784562370406058;0.5292846000687728;0.21252587425999528;0.5081568467907789;1.0389904906110072;1.3398041908333944;0.6476721040213981;0.4862998344549322;0.28817725789256216;0.5415169863439188;0.5793512151299453;0.250547173124988;0.3040540574818123;0.3804924706133401
00:35:59;23;0.5759532647198472;0.599142901587067;0.5274284665310771;0.5358474223834029;0.7302535621982188;0.6357643013973975;0.5312220685193358;0.5921018196432508;0.5465592346718915;0.5043065816399229;0.5805231516276856;0.5570292698127972;0.4838455617220563;0.5819208759184792;0.5917821416271204;0.5636646282285298;0.7518646501101537;0.6618776079145499;0.5581797192328686;0.6222477823817211;0.5576741742132779;0.5324400275835834;0.6083488040131155;0.5790674030962889;0.5066205357124957;0.5937755803849053;0.6153659837005075;0.2342668899675695;0.5651886860917255;1.298766623706353;1.1502295799371676;0.5655769274292923;0.41889677957790655;0.28602116576055203;0.5371946876659626;0.4118002494079311;0.19482254640358249;0.342262104676991;0.3241153577478921
00:37:33;24;0.5261266488195838;0.5508949789596307;0.5594043103962895;0.4984243857400966;0.6039179000328216;0.4886296038414409;0.5207965448958076;0.5727877045606314;0.524801408646429;0.5646059044884808;0.4980184617949223;0.48353148497583204;0.49039006341661173;0.5477426084769141;0.5039521195895067;0.5191875281179689;0.633746547962902;0.5177082676621085;0.5480117288252851;0.6046993471908151;0.5392822251872582;0.5918991363216161;0.522797035019127;0.5143839856003389;0.5116428010529105;0.5618330482879836;0.5292641875165213;0.2251649205859115;0.6527210499309912;1.4658520396162833;1.0717274954551603;0.7054577329972896;0.399441384556817;0.26122309716736397;0.5944162034406895;0.42725009316351353;0.20802838467970133;0.32487927707230174;0.3766900460894515
00:39:07;25;0.5239779651093819;0.5482537491158946;0.5407483518523415;0.4856406882147734;0.5756491116843707;0.5512901202037479;0.6041098978863074;0.5400294008813362;0.4564310061612489;0.4876125459680837;0.54843737394025;0.4981771568286391;0.4785895898163456;0.5405078314511566;0.500658289155992;0.5072188027435461;0.60609860562144;0.5781316071958604;0.6299722926976178;0.574838891871109;0.4720966144628919;0.5165032265937359;0.566309508533292;0.5203917400975089;0.4986296523333553;0.5616644372519715;0.5249335819538303;0.208683465980902;0.5332857157544392;1.1056939929869125;1.4670338995573;0.6197173731792266;0.3844729696977429;0.24085117546523488;0.5151112023214015;0.4899937299984256;0.19879198411615884;0.30962342244822805;0.41572129072212594
00:40:42;26;0.4964447808878856;0.5221935664833397;0.47593774606299594;0.47781271349243026;0.5433855490600169;0.49956289286667227;0.5446915652124434;0.4797509886746444;0.4932293054675458;0.45108624322526963;0.5080368588754155;0.5118712060761276;0.4339229110497971;0.5205120665716059;0.48105477714429445;0.5017616175996515;0.5780349001432233;0.5322305126209529;0.569109977791822;0.5157079752555461;0.50767751048312;0.47946168224496283;0.5227698706291658;0.5386571259932053;0.45875808160839443;0.5449924246972311;0.5046767213967476;0.21245056355871805;0.5920539894918115;0.9581312784334517;0.8688239625023634;0.6449007432925993;0.40417413292861576;0.2391777622118229;0.5112879304188053;0.41298865044989236;0.21717744495810537;0.3399294829513968;0.3101570115583699
00:42:16;27;0.5051718698835003;0.530042844802793;0.5156348597724748;0.5037779458073095;0.5740135749988244;0.49751827696301165;0.45700562598614203;0.5604592969643731;0.49131231014404975;0.42808995069219385;0.592842238351842;0.4625189014189731;0.4089450424079732;0.4752964657348262;0.5704639540611279;0.5284955984015355;0.6020553144685162;0.5279130283683929;0.4838163711108935;0.5944061341241144;0.5079583848444854;0.45765249058544055;0.6116242746893626;0.4925093826791513;0.43451881972275996;0.4989589004032964;0.584460242637369;0.2213607484247627;0.5541186344042056;1.321666735207163;1.121014286977489;0.5887510841067244;0.36534808999154633;0.24714055660294326;0.4790390650237479;0.4871057911907753;0.17812042372982675;0.315352716489536;0.30860018512097803
00:43:49;28;0.47272199178251234;0.5012162683456856;0.573628688447359;0.45105626882097827;0.5255380814664417;0.4712411778196984;0.508794988277518;0.484159572802359;0.44855434637004293;0.45135548077584076;0.4597753539397036;0.5143949539320647;0.4393551177474948;0.4482654637156222;0.46011589094315425;0.4808313089035977;0.560349921606861;0.5070163658068177;0.5367608823725367;0.5238428757972609;0.463732310134326;0.48035349274979483;0.4846683208836696;0.5389715833035041;0.4664760036699584;0.4774746031482864;0.48277342583381894;0.2036164163670889;0.5591163631037966;1.64470926145228;1.2116210404256498;0.682195440123721;0.3994223816365731;0.24245055957538328;0.5810245982612051;0.4380061772683771;0.22903451365668603;0.3128132148050681;0.37953429469248146
00:45:23;29;0.45879490578537374;0.4869677197729903;0.5556110927123366;0.46298901482043014;0.5218435002555447;0.5131015359187484;0.4762595014846518;0.4584871931392333;0.40388649304820157;0.4240986882683535;0.4372904328730467;0.4145730488895748;0.4381135915156524;0.47830478653171454;0.46057585836680726;0.4911609010617891;0.559592705099614;0.542755355249575;0.5036266776191016;0.5003079611518942;0.42462867378439634;0.45320834304745605;0.4589917316270593;0.4417437111096229;0.4629787220372902;0.5044611155256457;0.48206619614046725;0.24429285279134436;0.46483388668153347;1.5615148274491482;1.1741290717590145;0.6015166499556566;0.48269491224754163;0.23131944266761226;0.6228337638843352;0.48580032595774014;0.1887415038667074;0.31203166198439714;0.29762421330300776
00:46:57;30;0.48300183212414843;0.5082758544582647;0.49827952709382145;0.5153196689246086;0.5655763925377154;0.4903392638284165;0.45188318805893835;0.4542041191855573;0.4804199917607809;0.43528578873699936;0.45142149188796665;0.47048053656070576;0.42812687405479544;0.5411978009435545;0.49145467156097977;0.5451302519746627;0.5950893892118465;0.5195389012621151;0.4834138696528125;0.49339668962129507;0.49319706352340054;0.4643355566579802;0.4717423577385093;0.4952838357680297;0.45322799863379093;0.558742949267381;0.507421590916709;0.22074119602761624;0.5651852310866844;1.125953563597145;1.1481075324663303;0.5377107325414333;0.4124524178156039;0.22446677581566138;0.5497882745614866;0.4160297266739171;0.17449911355972292;0.2939338248241239;0.31048593615613335
00:48:30;31;0.4588896487455223;0.4869157223897808;0.46533999465587667;0.516266732547414;0.5196200731557442;0.4713382406165238;0.4552202319552368;0.45118352443959164;0.4241741422435624;0.43021092166224717;0.4171601911894663;0.42059816820990753;0.523071546185659;0.4356107322247233;0.4221103837667299;0.546033803193347;0.5552390116939756;0.5023433228726039;0.48292096510678284;0.48636708350683555;0.44349018263966616;0.4551181907327986;0.44726345909244974;0.45084384034951513;0.5388112513136886;0.4649460058599738;0.45041321561963105;0.21140866718641144;0.5678066540636667;0.7641352937279683;0.9932122606184424;0.6108811995169012;0.42470389309452816;0.23841190043019087;0.5010625038205124;0.47417670491265074;0.18261777706262544;0.29236482123049296;0.3232982602061295
00:50:04;32;0.4599546614351621;0.4863822555634428;0.4984716226330133;0.4027278554824589;0.5763417369516975;0.466568021390983;0.4474484242681851;0.4200650178028038;0.40555927448553497;0.3955676556822612;0.5284856675587596;0.43061712317376993;0.4207369176471807;0.5593819649317875;0.4175900200733226;0.4311119717062851;0.5995625167289255;0.49619720488374197;0.47746168119529264;0.4577233477465689;0.4238896067487485;0.42274721029263823;0.5488122811380962;0.4584768816417989;0.44765463301864467;0.5818993631702571;0.4483218006705228;0.22091114526841701;0.6479948233540463;1.0271062841648015;1.0394535617130558;0.6108714076658575;0.42208684431343557;0.22835750073921393;0.5901943254616202;0.43099073633915036;0.17651052570924528;0.271914157591215;0.31526815927610163
00:51:38;33;0.4289960523944425;0.4593658260827906;0.5161433824387993;0.43754716670383653;0.5084765182411947;0.4203977731367336;0.42247601628672704;0.42872047587515305;0.40229924752407775;0.3971739948716255;0.43388855915602875;0.433654494623655;0.40147926819592133;0.426521935077623;0.4247586852372567;0.4657736167695069;0.5482748630980421;0.457384758412806;0.4523090814757385;0.46754051496727367;0.42146754868116626;0.42353470455075304;0.4614908279498115;0.46496975777649124;0.427983901091922;0.4567838226633479;0.4519576859239519;0.2557533307482557;0.6677499846568922;1.0929556041810575;0.9981566769030036;0.5988291086801669;0.6119473481469037;0.215857210973414;0.6243484276678506;0.40352450097479475;0.19149295277711822;0.26842935749670355;0.26467608605943077
00:53:11;34;0.45724345230314883;0.4844225036197821;0.5681137401459178;0.4131657706566874;0.5618239595634675;0.4543009995010215;0.4277831409125271;0.5408175742778664;0.3877388543558669;0.45019020979029994;0.475014610009478;0.4788126123097123;0.40671111755372646;0.4449039725721884;0.41154431740048936;0.4423132372528685;0.5889389069376533;0.48452107654170473;0.4590666419509718;0.5720618017184413;0.4078008774353088;0.47547823901799857;0.4960422524633283;0.5140148464437424;0.42951645525134036;0.4664983950367122;0.44269499407869406;0.23334678396946057;0.5644420484507955;1.659544499094894;1.2262184511161436;0.7613701266195717;0.5088521742820741;0.20283249737285997;0.5303855728812334;0.38777000665664674;0.1902843579867991;0.2812316617878472;0.27108670153268954
00:54:45;35;0.4390145445901812;0.467942356637615;0.507593612257785;0.3991629483628481;0.48557691604511777;0.42399284698854645;0.5033056249432822;0.40894807044619014;0.41696391314438586;0.3995946078744708;0.4558985497343569;0.48597085670491835;0.41072136613900706;0.45258939696023925;0.40778552255904693;0.42594061238182457;0.5288636248610593;0.45509443133469146;0.5309993848197175;0.45426789976484366;0.43830676940431484;0.42751968285901965;0.48069444658722693;0.5132344468861307;0.430024358395203;0.47665312933363335;0.435437658888723;0.2679332717744316;0.6178851764667324;1.0950765135230087;1.2188358210063563;0.572909398980257;0.45674753354816916;0.20466982701929606;0.5296700893669593;0.4154148945285053;0.16296910809307563;0.2594102297905015;0.2896014829961265
00:56:18;36;0.44742653687979844;0.4743952774534491;0.5695338160272051;0.41418289279279585;0.4951304032976511;0.5793479132542132;0.4578076817316916;0.4850853768910246;0.4018148080746637;0.3821565611525467;0.42096164535796454;0.41964859100921076;0.4283826876482047;0.45408104826443507;0.39310426149590283;0.4392234149212543;0.5315416651700431;0.603886540852568;0.48634826403925163;0.5220581621713379;0.42127215214503055;0.408063983008722;0.44626428162237025;0.4478468490609187;0.4483025197988485;0.47992304576886313;0.41999058579034326;0.25326669038795846;0.6368454564344592;1.885086036309964;0.9384681610363287;0.8207904976460991;0.4666060888185736;0.19763067675799864;0.5680905640706784;0.3771093735753036;0.19434956630555597;0.24713776899547113;0.24902491198807228
00:57:52;37;0.41506798929235666;0.4471623238845289;0.4985826794754686;0.36573153796644053;0.4672868417932318;0.39935054838901635;0.42619786325369124;0.4184624854735726;0.4005201052621662;0.39383574952691536;0.43919188512877244;0.39057286867753577;0.4261272568370505;0.45356953688806795;0.38827165993263046;0.39621119690181383;0.5086325945991389;0.4367354467191942;0.45792066054752684;0.46249750323853095;0.422468288158503;0.4215114751158336;0.4664430204249618;0.4275384467080957;0.4528679880777914;0.483269850181749;0.41746539661970655;0.22985637312982143;0.6067111057043074;1.4339324439444199;0.9524800654446209;0.5086103032856454;0.4010649969228885;0.17026399688022897;0.5772078540848522;0.3939517933566396;0.1696392083894916;0.2508851515374533;0.288388861025252
00:59:26;38;0.4174772268094023;0.4484614182671758;0.5358934545577542;0.4269298688473795;0.4908710696498331;0.40727732786473225;0.4110330192042618;0.42668752242832125;0.35473331754809795;0.3625065539675577;0.40819312792187423;0.3908511268801921;0.41051200990240844;0.4501369088064874;0.4511781376286875;0.457078611880041;0.5333670159202923;0.4423854493846216;0.4429914423033955;0.4667126521238631;0.3774814766660113;0.3962560942670591;0.4361360862425007;0.42591149695661795;0.4320351932150957;0.4756290382760432;0.4756464824579587;0.1955788871718616;0.5986187727567626;1.5372232539479331;1.1864735657122079;0.6800570291426123;0.4225785259357314;0.17852152010289637;0.6243344479944649;0.37313109063520666;0.16387082278001597;0.21900906769967662;0.2513244708136814
01:00:59;39;0.4056566749949413;0.4372001990086142;0.48874070374704;0.3867115356640965;0.4959209372286173;0.40621620995916774;0.38662151764779623;0.4282109332951168;0.3935211838682286;0.3590610675087598;0.4360780689525618;0.42474863580600103;0.3499887259077074;0.4023080826130656;0.37768906566404353;0.41654182225332725;0.5296289958377696;0.4404639591633189;0.420624378554653;0.47220604073195244;0.4115882106396874;0.3954398520522128;0.46056664067025654;0.4634224228209368;0.37758094837117506;0.4312185886207428;0.40574113388322214;0.18816185997753607;0.5852709406323549;1.1681968633140012;1.1052169173229034;0.6565070737280497;0.5112005505619981;0.17595697834724336;0.4697985592411786;0.35202987900594385;0.15175449823460926;0.2583504712000126;0.2424438533986487
01:02:33;40;0.42807430326659973;0.4579253107489591;0.5636640179690305;0.3766692307627758;0.4841354685790594;0.4569967731821097;0.4409947412053395;0.4340944010995419;0.40660931043814563;0.3652907341662727;0.4267222697936808;0.450379661924499;0.3751424840566416;0.4159746934523349;0.4831925065116728;0.4035001840750875;0.524131907560648;0.4904799807961523;0.473599022691524;0.4779487474485746;0.4231289533424807;0.396486489506936;0.4566993670468071;0.4799139024424658;0.401526122059964;0.4424922433839334;0.5033535261370231;0.2250346463191801;0.6209865326561578;1.998353004455567;1.1656033146962885;0.7187476401212739;0.41608270796333885;0.1737837905854714;0.5169765416005764;0.2911309061835452;0.18270892723304474;0.2377731403199638;0.21678706349396124
01:04:07;41;0.44100706565582065;0.47238914562201034;0.5775210753495131;0.46434792769033933;0.5050857386963893;0.47217793705704586;0.39813904792727406;0.48565782889516695;0.3657708816856221;0.4063837431650717;0.4469854749907522;0.4323225175540201;0.499924946108952;0.38994957850102846;0.39770013195507004;0.493531136795917;0.5454332319026933;0.5046881470218092;0.4305051589865977;0.5265823287537247;0.39066013404709143;0.44104066891718824;0.4698049967027185;0.466131358634044;0.5256648614582032;0.42339959985339193;0.42272410419743184;0.23345098905447056;0.5601714123022266;1.926982131585843;1.2896766271242284;0.6659277397248804;0.5077864245961354;0.16285100369918645;0.6290253707112337;0.32761349218647656;0.14573076736636278;0.2407466384259666;0.2402903074171485
01:05:40;42;0.4243044293332073;0.45577438243677054;0.504428103975649;0.48625451931120606;0.5120042338946437;0.4297727018553482;0.3954827262470182;0.4089073691881899;0.4197368034631988;0.4002780237152192;0.41091902700092464;0.3849981496343153;0.4097937311566713;0.4255729975917604;0.38856137275584895;0.5165957182374608;0.5536689304679787;0.46560909029550784;0.4343244680009172;0.4475226891260577;0.43871989356912505;0.42964102178536234;0.44258003647376964;0.41972744839489157;0.4295414463784206;0.452403769252044;0.4187445828658847;0.2512381786253394;0.6476740941914115;1.5481843445940722;0.972592725346728;0.5802641762756721;0.4521362885760099;0.17363296789367028;0.5062167994859742;0.28679656072360715;0.19831747180078096;0.20936713414948163;0.2267165060450391
01:07:14;43;0.39849669936749327;0.43243281250663634;0.5210636352335777;0.413545281702629;0.4523965000015894;0.38685412350592313;0.4126673623671146;0.3783147505772872;0.4249244169209578;0.3542102150042422;0.38065426451305373;0.35988125795869247;0.35696973953955735;0.43288131067031144;0.41423316054291026;0.44213705476354725;0.4973326228273004;0.42666190360595807;0.450972222271857;0.422397771311778;0.4436397741325627;0.3926793116736098;0.41169329671541;0.40101875601332143;0.3879041063534993;0.46062898263496177;0.43971252519209136;0.26356072434564926;0.5727194697246318;1.667653661588344;0.8894660038482853;0.704156825077243;0.5103350975309934;0.16393757023462438;0.5857070984491488;0.3001514276934833;0.1432105797747286;0.20831580452802706;0.24354936000777455
01:08:47;44;0.38270557017609247;0.41611637439447496;0.49135936646320966;0.35399439502781077;0.48366878095075627;0.3720213568604317;0.41348925575493256;0.3562964830433582;0.394055803781382;0.32115570390278103;0.3670160524029769;0.3596721624328046;0.35127652406081994;0.4398194722006526;0.35024629181564226;0.38751046748490503;0.5231279435939056;0.408300247634737;0.44603443114609403;0.40105777733672415;0.4171876515644867;0.35615647183571736;0.39988652074794867;0.39867485094239863;0.3781425600859768;0.4671825351742641;0.38276423516567;0.2386895853135644;0.598913992192687;1.314011337466357;0.9875201470095937;0.6358991960490623;0.38654326670053535;0.1533669190435875;0.6154892987158241;0.31798275639371176;0.1458212310511891;0.23375566342981852;0.2683190041925849
01:10:21;45;0.4020976296461226;0.4350402400382835;0.5613739440026807;0.3608629004938957;0.5068045070780416;0.3922176276040452;0.360193347496002;0.4706793354951606;0.48010368907466944;0.32745932906649416;0.35436179815052027;0.37132337500374224;0.3460412408786999;0.45091435650607525;0.3517860033600918;0.3928576793128799;0.5422466028938578;0.4287282219362181;0.40117783048761907;0.5085210951484881;0.5007301369840084;0.3654964425624533;0.39085388132312077;0.40894685858255214;0.3745931358436667;0.47684721705281136;0.383901530636619;0.28269425008355115;0.5592400865147753;1.9932751269456825;1.0289966064255411;0.8453207521322297;0.46295300977986054;0.16059078766078486;0.566816220763253;0.25262626938703586;0.1610517767217101;0.1995265644861431;0.22339587713160167
01:11:55;46;0.39716595040164865;0.4293528898551354;0.4703358043215382;0.38989772200061545;0.49998551652975776;0.4155678410703711;0.37602564725421506;0.4043947209810541;0.3473956250205656;0.5016732023176864;0.3696614026954639;0.37598387192740046;0.3107054377599193;0.36506001805353544;0.3647970048454331;0.4220436093370356;0.5350958607365137;0.4499913412692294;0.4140496723659748;0.4438108476999253;0.3728809884774301;0.5287462111024327;0.39939889965620495;0.41059733794325287;0.3419641759851547;0.39763794721216267;0.39370433815779493;0.246606577605736;0.5649389999523395;1.0827576232537999;0.953308873583631;0.621092570525844;0.5517270479405797;0.17522402804072315;0.5175440261567512;0.3278147450889029;0.13972241041136949;0.2181902041885911;0.24510254511019078
01:13:28;47;0.37646484704146516;0.4110490450709216;0.5034360199839605;0.37189816964119427;0.45127588399374136;0.37107613328177375;0.3714291098968143;0.45586482452767246;0.3318611595974314;0.31446863255309365;0.3974604740052426;0.3759125334729564;0.3421200659666478;0.37614645346287057;0.3293047760462932;0.4045795284893722;0.4904179669983702;0.41276201283230757;0.40896714655613375;0.49284977591925117;0.3566785707302388;0.35189157220915745;0.42800073799581995;0.4125650915836501;0.3726911080207589;0.40933160329418744;0.3632092725440482;0.26158791675800236;0.549701261142405;1.4230612043055098;0.9483723859379933;0.6728128398627771;0.45289687650959665;0.1574396598702524;0.6945953650009342;0.27170858185465746;0.15490959717006214;0.21516184628736684;0.23898470510796802
01:15:02;48;0.39302743298689796;0.42649902978339527;0.46954044454102606;0.41321106225868703;0.5363340435833622;0.4011158953614485;0.36475224632424685;0.4078674554792428;0.3339235708076432;0.313406912296068;0.3847285210647056;0.3620308999663881;0.3563572279496883;0.4319542416117533;0.36410012533820874;0.44440807967995627;0.5669926912644117;0.4394628084730236;0.4013756317671518;0.45451023553545955;0.360631447655921;0.3530557863921215;0.41774408129888724;0.3988981210415319;0.3826230496689058;0.4589422832670174;0.397072491228956;0.27949658664261423;0.5944244004458915;1.0636431959198749;0.946724008961422;0.5915659418047929;0.5219575627257184;0.17501513728281348;0.5378373143149585;0.3423963168190747;0.14384487658012202;0.20745694048521;0.2301230525098196
01:16:36;49;0.37585001748900976;0.41144005257841515;0.5890352745360231;0.34978320677226543;0.42157024480746497;0.384600556205275;0.37798959782662855;0.35661980525098724;0.33495118086389647;0.435315304067757;0.35297142182738167;0.3836950673841734;0.31648781515795155;0.372312264808383;0.40599780536873786;0.38410234491593115;0.47124618887545955;0.420518392820556;0.41385290378486583;0.4056965715717926;0.3593626358807423;0.46912292048271953;0.3880969283494042;0.42171705660959063;0.3494099521031316;0.40669206920943984;0.4288585217762739;0.3777913690921738;0.5962674653239366;2.209456300502871;1.14073862296779;0.70650953214343;0.5109306101537335;0.14187419073610774;0.6267580343746558;0.24306940812890124;0.13141386536563315;0.1976624915512597;0.1859514040917885
01:18:09;50;0.4171848121353402;0.4491264555611328;0.46982908638451654;0.35359235881043066;0.41195326929461556;0.3739879570834347;0.3992975999986566;0.4610836059544085;0.3848695094777962;0.4160208193028197;0.4268403675007757;0.4023685570202047;0.38938924025785737;0.4554354517446061;0.5074887044967736;0.3902354041011728;0.4595759058697604;0.41780403723406906;0.4350595745203857;0.49584854703009834;0.409601453005526;0.45275656272195824;0.45625022707760415;0.4338272093325785;0.41595264439547;0.47749961539793234;0.5265203082626189;0.21630070103377833;0.549970786295286;1.3692456882755937;0.7501785999681895;0.5681568566764275;0.5102554719767922;0.17559351776431248;0.6705191458725349;0.28996492111101385;0.17280611123253659;0.1975024452660142;0.16745479114171935
01:19:43;51;0.44419838337640655;0.4733097106030977;0.5433596412570981;0.4936854940955534;0.5158156698358808;0.43682496034527074;0.39960373121053544;0.45500009133543046;0.3601350772824376;0.3774198693171393;0.4505547266201803;0.48476267616013485;0.5269556749480523;0.4106564354966013;0.3794370756677146;0.5212734493806869;0.5550789008415764;0.47303816460861486;0.43401441549230246;0.4895496075695175;0.381874720050799;0.4112725836870888;0.4747589514644495;0.5097532675751034;0.5504758066418034;0.43520846418262943;0.404951810612504;0.3570384205114552;0.5752739338903893;2.0328330956435794;0.8723377799987793;0.6468329290645879;0.433076909954955;0.16893029138809304;0.6228016699523461;0.24664156210131763;0.17393166281101177;0.21359645458983215;0.17702098517883114
01:21:16;52;0.37079935488768845;0.4061378797659261;0.5094666481399682;0.35017851485737916;0.44709277503838935;0.3606371064235;0.36972702649451633;0.3434806144130509;0.3138427978919503;0.327405068255648;0.44319536953364763;0.39994319072953244;0.35632461649156966;0.37864398996657617;0.33203351667757147;0.38511368080310004;0.4927860038352069;0.40196777872743533;0.4027977227486606;0.39322458143843636;0.3446509154334132;0.359720489773719;0.47024116291617724;0.4369730632384187;0.3829474394004401;0.4113946207338212;0.3655486757891685;0.28052027315628236;0.6300765478901745;1.6346038455497935;1.0412083775822711;0.5758023867374513;0.49903658977368964;0.13270702556865974;0.5096298657103282;0.27695656657218937;0.1631916238549279;0.2057665818348164;0.16410009344903434
01:22:50;53;0.3628055844563269;0.3991608043900795;0.5642948303135431;0.367867942929342;0.4527625822178762;0.3384391442537379;0.3591987241958394;0.43979449055256814;0.333238634066419;0.3076990505109866;0.37870773562240245;0.33801062799820586;0.3214545084572474;0.3410961220961828;0.3451853485372927;0.39823008733620585;0.4951475449710135;0.38203455489001453;0.39725828652650713;0.47890813244313973;0.3606143225620946;0.34533720539540563;0.4152339359006211;0.3748527784245362;0.35068669694991406;0.3791532847535014;0.3822349875411752;0.30010073913306734;0.6130261722425135;1.9396631157107478;1.1187472978452357;0.6858608741004294;0.48617828582845085;0.12904554638193877;0.6046956705901682;0.2931258176739623;0.1438913714013448;0.2085573601650029;0.24864571268965557
01:24:24;54;0.3526901612763389;0.3894644351303547;0.48034818429954185;0.35080447850123475;0.4123543628807302;0.3464525074595413;0.3787348922703149;0.3363309221701102;0.31522869030501416;0.2839881709102204;0.368298847267021;0.43353056370680043;0.3099260180000589;0.3223682671958108;0.3455570494623578;0.38304549636030505;0.46203360439640045;0.38813434651163725;0.41410545098819135;0.38542371128590996;0.3417244350450455;0.32175784717297107;0.4009730201982898;0.46522573417080726;0.34316830424259;0.3670469239493283;0.3732326224143022;0.25001118713762704;0.5175915877557381;1.3264656727488453;1.1357825026570298;0.4453108474394172;0.5629051427579506;0.14483806059127902;0.5770641723638628;0.2662744332959012;0.15114499771740375;0.1921308054429729;0.194658801686473
01:25:57;55;0.36061295303779434;0.39842588565804515;0.5462136664090118;0.3413332798278037;0.40369397569011084;0.3667883068768945;0.34941641563567327;0.3453286283239827;0.3361026801517484;0.36249476759481364;0.38077788479205715;0.3503156622730182;0.3319235197911866;0.35197235266348953;0.39875770096193996;0.37385891333491034;0.4560581223356051;0.40629650274846707;0.38783128969854164;0.394167893263801;0.36643793999972196;0.39657426201358387;0.41477971173153005;0.391234918142315;0.3650210330136092;0.39583371993260963;0.4239349224686529;0.32383826411351935;0.5782503104646031;1.838240084764435;1.0670286533309192;0.6179995649616894;0.5467800016664879;0.1575031863770834;0.6816215312626305;0.22625244706142242;0.16240365294421588;0.2028133067052539;0.15183299325588273
01:27:31;56;0.4046117956358306;0.43685213858906347;0.5007884552983978;0.36010543968374154;0.4540985476405761;0.37733915607555735;0.3737365660383801;0.43201525617336267;0.4248310558831323;0.4067669200067227;0.3822512996705972;0.37174762461530586;0.3064814124989896;0.541287614407213;0.3778487716768234;0.3924965332972063;0.49624581804977186;0.4173844694047018;0.4083699847310463;0.47528070743379763;0.4467208449152211;0.4383114676441928;0.41386327120974425;0.40823806055615974;0.3405366913510679;0.556363526242073;0.40960127374399735;0.27587442617590835;0.5633004198714;1.622433053923817;0.9253217739884447;0.5685323243315628;0.4836231504271672;0.15947908221221554;0.6020941935225231;0.29361282858906723;0.1311643294154144;0.18342011577472458;0.20060576534852748
01:29:05;57;0.4130357340535339;0.44377697225602236;0.4823773222150116;0.39411162292170954;0.48252938554360914;0.39838195376400126;0.3870758531495654;0.5066228994353622;0.37243111590306843;0.3375696527651202;0.4697758532086216;0.34600708971285765;0.38854196948179237;0.5018685793642518;0.3129145337870076;0.42553167808399817;0.5226157266205204;0.43561225474655796;0.4228457250021982;0.5332664282852978;0.39586285293227075;0.37162637447230695;0.49492416396240074;0.3864218312415761;0.4132806397089807;0.5230921149180887;0.35015759487922293;0.2297928873649458;0.5289652535682771;1.1358847697188221;0.8957389275911378;0.7465537729786664;0.6129475534616446;0.13533457101845162;0.677501266060806;0.24860286384094055;0.17682697369558056;0.19528953923684797;0.2050894880440177
01:30:38;58;0.3688275168601668;0.4065113542697131;0.6269017114750737;0.40604915678306447;0.4261854055761986;0.47029515403630956;0.3478812451281377;0.34207547500319446;0.3638736839807883;0.3248450916560122;0.37263644400091567;0.3306198624524907;0.30508874730760654;0.376826581162238;0.3248186324510865;0.43722966120582024;0.47704658410429285;0.5077139374054651;0.38790782027215426;0.3840539023946054;0.39163814666293767;0.360807601155653;0.4071215433015001;0.37635718837245463;0.33954123684354204;0.41211253056609815;0.3639380766372775;0.3769540761302158;0.5839333936790142;2.676938564951828;1.016606113707147;0.6669828471614093;0.5471890441092051;0.15600255077205055;0.742316138918807;0.2425736781155191;0.1997070501490337;0.16955816901311646;0.14405891099354115
01:32:12;59;0.35723862822659125;0.3952106893395794;0.5506789334760449;0.3160639904756687;0.4211180110906885;0.4021139803894189;0.3598388678118909;0.39533598044807866;0.37249315907281255;0.30405101001415724;0.3644120210277747;0.334991342954236;0.3093970536906975;0.3679074755192836;0.3153256252837836;0.3529700174120699;0.4727389031388833;0.43856940307567643;0.401397586359909;0.4313483452853112;0.39585900379705924;0.34196200135787785;0.3987487841803085;0.37860496051986303;0.3462379065385895;0.40318032891552097;0.35816704574988056;0.3081195512777422;0.6061808632641306;1.9072790573864455;1.0954598528146746;0.6491839865649619;0.5751284303607012;0.1308059404245237;0.6314746874788913;0.23147252309613112;0.1340050639321164;0.1873217344284058;0.15171551068381564
01:33:46;60;0.36001292729599954;0.3960411027854555;0.5075682329077548;0.3095744684940566;0.4501831935827216;0.34986078020079686;0.3493399321454305;0.3489327890008971;0.35358708924254745;0.3552293574556146;0.34488471561367234;0.3536098954566315;0.3134105115116804;0.3307263016441029;0.4333730069987189;0.34583048004969014;0.4979719754051636;0.39091792192195335;0.3880919671702693;0.3939755293749611;0.38116123134588115;0.3900993936883182;0.38024829142111755;0.3892413658791176;0.34366886985591205;0.3707428563828553;0.45479808586145537;0.30586217782846314;0.6582688074141013;1.5874994985068724;0.9396016815813576;0.6377443557541546;0.5503151400787072;0.1336446436876204;0.5678897294910943;0.22999439012713552;0.15233927874303443;0.18688685203470837;0.14077223964580676
01:35:19;61;0.39598240340738605;0.4307214801979838;0.4493525430523769;0.4265785207511281;0.4393858689936657;0.35513511702902373;0.4074416793313812;0.34529380785163266;0.34809962819815926;0.38591590213748184;0.3634384891456901;0.34272768921913516;0.415277319727327;0.40130550595415565;0.49201874312091254;0.4562873358541457;0.493476759825827;0.39913425834824845;0.4467934829289554;0.39104716603425244;0.37281523109658715;0.42354750862182466;0.3982187305140724;0.3768570259290945;0.44743703270232343;0.437103741062416;0.5024353611671064;0.30285789699089244;0.615894118271223;0.9184783870417904;0.9462770903110508;0.5534374087903559;0.5874147579510036;0.15988683103061307;0.5998843825735698;0.23028315100728014;0.14751976715355383;0.18640837011540812;0.1438883553917815
01:36:53;62;0.3617627226095427;0.39847776239767;0.5770375115048837;0.33546512852460064;0.45805446578897296;0.387625567745944;0.3676816235333303;0.3487327307465664;0.3212561678575664;0.4266717941158301;0.3340202420183038;0.3273301654800261;0.3042135233176332;0.36985181677967344;0.32825814813985815;0.37018342227766793;0.5057075198649734;0.425508507747044;0.4060289124598388;0.39822096204535967;0.3483847180953315;0.455830217239208;0.36922355237336785;0.37061894734623524;0.3359467641922589;0.4031369146164132;0.36045021763659996;0.30155627904868715;0.597099764681444;2.050328367279798;1.2698925381171997;0.7364899961250584;0.5239802747383349;0.12912117958795735;0.5788795347766179;0.25639232737262074;0.15596845291736647;0.16738635511659997;0.15735506829692097
01:38:27;63;0.3266816435772874;0.36829171118359066;0.4807403538800111;0.3077534836568452;0.3864515050004488;0.31336494016550814;0.3859875134912346;0.33859516277455454;0.316641886903763;0.280158903934814;0.3182937763036258;0.33631343293870425;0.28934410417692474;0.3043612824381519;0.32440494639459194;0.3466526229230534;0.44447253244039614;0.3615294888348669;0.4209634597963955;0.38465332974118005;0.34676374922015185;0.3224996813950309;0.3560863415842175;0.3798900510102686;0.3233154688394039;0.3503379557579538;0.3625394773955413;0.2766008840683031;0.532712695816668;1.4165787775923573;1.0219373926447657;0.683741929502022;0.4206133754442378;0.1469220872405099;0.5736427334605193;0.2439311335581105;0.13153986547778293;0.17515202767965274;0.14551134407520294
01:40:00;64;0.3557819095268865;0.39178147039622285;0.5152833965529758;0.3836009143405276;0.42743541136387503;0.33708568029277347;0.3254672269481525;0.3538767164995681;0.3138065609808537;0.3100877278462408;0.3224431095647746;0.3796648897764511;0.36361291718859723;0.39819166114600063;0.33289514472510656;0.41311649880480017;0.47496052238886705;0.3813009825073794;0.36844200452489334;0.4025304396180144;0.3395659206831556;0.3412133223924572;0.360895165578544;0.41142396674942394;0.3902506828691735;0.4294393510347434;0.3667817567196412;0.31255739063751414;0.5365706146054152;1.618697814010993;1.121584142969876;0.6482960217464262;0.5143979791606347;0.13377258076900392;0.5682040110739265;0.2437231042617705;0.15372420992793104;0.18194771441744598;0.14992517505477115
01:41:34;65;0.3807599399894659;0.4167927280715682;0.5093082464007828;0.3543520035644564;0.4428664406743627;0.390974319667836;0.36295892103140676;0.34939505095249734;0.38995956742397964;0.3859720783253609;0.36212751255015974;0.3236625468856834;0.2892714619900224;0.44285348496761295;0.441169622849297;0.3876781279401913;0.48871969502182677;0.43462529979805375;0.40620031677902135;0.3981391821480264;0.40993893075419424;0.41994256681409287;0.3976016059913544;0.36584376591050516;0.32300784584620995;0.47083309446614025;0.4697785387629286;0.28139834296412586;0.6374404906208923;1.7659661790801264;0.8762591735618871;0.6841621066012034;0.4584853570999169;0.12684755340581988;0.6117850910163508;0.22571186218319872;0.1511609178127312;0.16886245923798263;0.12361942322515859
01:43:07;66;0.33125691300778076;0.3709340186940813;0.4549691833065052;0.3101724745314539;0.38723340665696565;0.326487661821614;0.3608299965919024;0.3427906100310888;0.3409782461678639;0.273598105030856;0.3461188427784903;0.3088093116026522;0.2970907424339378;0.3543926875242511;0.310126580520598;0.34834631427789076;0.4415883208089435;0.367152102132094;0.39685518571791967;0.3881517548804365;0.36898930632613114;0.3168178135865079;0.3805522587253295;0.35405714256106313;0.3325689885933916;0.3905545196615881;0.3492342266547177;0.24672959939735697;0.600920088247555;1.3365373844053692;0.9343813050374753;0.571570747887216;0.47002452074754536;0.14826921423760858;0.5171072856972858;0.1738832708829787;0.14182916101886003;0.16909173686329915;0.1492858852555112
01:44:41;67;0.3716914495922646;0.40777732319623744;0.5307487796949663;0.3297278809971733;0.4020945037689103;0.40754866030585213;0.4113972369054429;0.32407687723001516;0.3571631874645418;0.2880941594938975;0.4347977718602552;0.3948762717419487;0.3378682903045622;0.408056736136993;0.3329850394284442;0.3632764054614999;0.454632324016414;0.4467060969794949;0.44758384346417984;0.377360348043277;0.3816246519173645;0.3293519525104701;0.4632244777229847;0.4267450523347234;0.3725314237529836;0.43668192312922205;0.36630617722933634;0.2567177921678962;0.6275058180239144;1.9614506465632748;0.8688473613959987;0.6425868980477497;0.5271924605384107;0.12030283178498105;0.6628034056032577;0.19030580418865858;0.18308037210528447;0.174626202946756;0.15356576297341323
01:46:14;68;0.3457574963008172;0.3839466348047282;0.481702525280719;0.2942590858767684;0.4109592077008602;0.37405317097715335;0.32184664020647624;0.32926045020055555;0.3078978640670082;0.30927310131948926;0.3516557198188826;0.40162018179094716;0.29694315076216615;0.38066614970763724;0.3445230748689014;0.3327951474374368;0.4632523205796674;0.4127324794170028;0.36472431258022747;0.378442148762559;0.3375847820449633;0.34240349616622967;0.38704243165943814;0.4373899719100903;0.3335835633876204;0.4160004658856196;0.374679346416895;0.2511334482344186;0.5892612294598324;1.4347864904636296;0.9103840894524647;0.6372017470510996;0.5422553287264777;0.1304659158572918;0.597943757961436;0.23162698053732153;0.1491189097485891;0.17645878318606356;0.12979362269000308
01:47:48;69;0.3569992575365286;0.3954476987102224;0.5735556983111835;0.36237462716374247;0.44047414287734415;0.3950715337744243;0.36518594578474023;0.3534552905376927;0.3876943431840535;0.2854698545468079;0.3075033389475729;0.3489311182315537;0.3492034252594074;0.33975572283681765;0.3227811560147906;0.39367442238534556;0.4884296851208495;0.4357743362009828;0.4045443023738936;0.3987139433643492;0.4070869039379367;0.32938350309559955;0.35396405444643475;0.38951368953747717;0.3796918868794469;0.376710477941646;0.36492990045498813;0.3948648082483106;0.6422445734753841;2.2796205622975427;1.0009767013497468;0.6403549533355527;0.5224477935854983;0.12769890250229254;0.6152015966976561;0.2079842101509978;0.17864833557024237;0.16761475520889937;0.10501118731207965
01:49:21;70;0.3598884222429277;0.399822956859926;0.5245772341063354;0.35440958168014375;0.4464555943302063;0.36293013718478784;0.3223653774950685;0.36075521694936147;0.3552287013387599;0.3428927795280631;0.3458615163675502;0.3608404594634007;0.31981886766952566;0.3783637276781676;0.3528358730601112;0.39069806624835596;0.4965224430616602;0.40840245030295247;0.36882091921919574;0.40741094831699426;0.3812871467956111;0.37779996559535095;0.3831078320881662;0.4010723379844002;0.35517445027721006;0.4205226072861572;0.3893386457960052;0.2844862808832309;0.586426471239183;1.8514595459728713;0.9291897558875203;0.8034529898224808;0.47270900618739253;0.1438145043646417;0.637702499111978;0.1851273795744268;0.12261845138741702;0.163567016866149;0.11437290797873241
01:50:55;71;0.33163147107501145;0.37333615243083557;0.5526425745686502;0.35166051003209264;0.3883039863131836;0.3612888126989102;0.33729457595767737;0.3244900234645759;0.27826809384910167;0.30345803041571656;0.3358200225286743;0.3107146967934166;0.2744274759653347;0.3358177247270033;0.35887942373508663;0.38806220413755976;0.4453451796195824;0.4065820684222429;0.3813384815881299;0.3750429030877608;0.31612278311731395;0.3427236161505901;0.3696297577460223;0.3551067884639142;0.3127209271090089;0.3714540089799433;0.3954190459755879;0.2855971606330174;0.6131074362411733;2.1862705007413545;0.9016517401904597;0.8010297146512241;0.49173349785368625;0.1291740994918637;0.6524901777651251;0.18193146215706338;0.12324626439955176;0.16325357502916968;0.10222526567011345
01:52:30;72;0.36032910715269467;0.39847836491320165;0.6006302172630057;0.44486928017562993;0.41784864896702645;0.41649964472674067;0.3175000063452896;0.4117448719785764;0.28692837000780047;0.306686372321007;0.32033583994008463;0.3403612853293027;0.3285472803899244;0.389092778052758;0.2958796269254273;0.4729019249759825;0.47002049771732635;0.45030935013596507;0.36448162767054976;0.45382724511214;0.3225755463103458;0.34499580436134897;0.3558559291990256;0.38288129343646254;0.36083996365351323;0.42073644470535904;0.34021572749664725;0.2995728663118875;0.6591481861762883;2.515298979224229;1.0965942190333111;0.7150881559528958;0.5319389467849963;0.1295135497392678;0.5963875132653772;0.17911729603278928;0.17750214494583086;0.17027400189783518;0.13712674779136005
01:54:04;73;0.33688408843438766;0.3783549754841484;0.5038544327308371;0.30562480159659233;0.4383283651436507;0.33535147604960613;0.30274412486686775;0.3183532868975242;0.34943161363432845;0.3313516052314462;0.3661625860104845;0.35387134759379785;0.30887173460844214;0.31896393757759656;0.2873201562475027;0.3403066809948352;0.49159096669783664;0.37786797692493923;0.35119641474437946;0.3675599552566768;0.37815975466118434;0.37013961026365855;0.40290403249814405;0.39435678361513576;0.3440555065719887;0.36192526226391375;0.3345368451975776;0.26310883244363276;0.5579035595132082;1.738024242680248;1.0190741700660895;0.6301428586389961;0.5740484346994541;0.12609719304776773;0.49741530018608743;0.2101756778286724;0.128442298762682;0.16218395950227252;0.1396366654009354
01:55:38;74;0.3344242411155179;0.3756759313977753;0.5267755429358866;0.31968830383243846;0.4586843595463841;0.34081904199466734;0.3151318946223571;0.2965667682900389;0.31279616698813284;0.2684365547234146;0.33062761798325396;0.3296165974100039;0.31494822482950857;0.4039143115170492;0.27543566293508537;0.3532006696396799;0.50365672369488;0.38731262503490504;0.36304737589296787;0.34918985314976464;0.3423832957897918;0.3168014733838571;0.3707003233449403;0.37217254900225655;0.35357156170690085;0.4347058375147766;0.3223621308750053;0.2395364872420707;0.6138351299849953;1.932071495986567;1.010238476453758;0.6265353271437855;0.5735440312725739;0.12446757672400009;0.602309569949057;0.19261963578259073;0.13148547254684498;0.16337574356212853;0.1112875685822673
01:57:12;75;0.33497330764672784;0.37561653364824543;0.5279346459767805;0.3058590556328169;0.4149738784599615;0.3161909531493121;0.34708986675023595;0.38833821163953675;0.27927142673569677;0.36252207618210225;0.31714652466155774;0.29189559297428797;0.2758000066791189;0.36621565966995395;0.3226427246016532;0.3465858063558808;0.4665094424847371;0.3603550219469364;0.38936325726020315;0.431860555536648;0.31569896489183175;0.3970178749038669;0.3577776371330667;0.3400895845874648;0.31122990431649367;0.3987590499307688;0.3612615098495586;0.2502292053728569;0.5823921058962985;1.7898224853887799;1.0187507101093851;0.6763746279478074;0.56391883248963;0.14036643953585046;0.7139457264833333;0.19515278028278815;0.12727015756252338;0.15478640341540664;0.12220627723670588
01:58:46;76;0.36179037098782274;0.3989526254932186;0.49501380182318094;0.3165445436712703;0.40586586204357217;0.3693143077648448;0.36208387358042265;0.30896661557987554;0.29455852255583026;0.40035762194808344;0.31635890901252417;0.36145973631735767;0.3310962151473341;0.47762257325447804;0.3567722701494016;0.35126593497844716;0.46432954203341004;0.41301690992379436;0.3994866679558031;0.36402366495583804;0.32407803617331815;0.4316688070678462;0.3575346366373863;0.4000189037936419;0.3636892209425308;0.4948277504499118;0.3898048289925335;0.24478773432533918;0.4936239636525874;1.7539892857249197;0.9432742139915142;0.6872329348761861;0.47567064895862504;0.1575197614038863;0.532822542176014;0.22238770117120046;0.16163235839183734;0.168289150054135;0.09893532715192656
02:00:20;77;0.31900240818636916;0.3617647770558377;0.4559499987681223;0.3273220252021842;0.4101905315460895;0.31216077000567666;0.2994925209389853;0.34336040359185344;0.29960641519659614;0.29523388508034976;0.32823485479369213;0.3030734395428725;0.2670563255250974;0.3121812260818493;0.30890622764439996;0.3640690369926745;0.4645633647425267;0.3575576476791362;0.3499985368508415;0.38750283189682555;0.33205225696488033;0.33744043803460494;0.36611222310356706;0.3497871958375163;0.30636608678979016;0.35156223942731557;0.3516312767900561;0.25385725950322513;0.5355879846869445;1.3740745600258437;0.862359477252495;0.6999956418392135;0.48473801255226145;0.12366849683043432;0.5034316733988321;0.24453032349667903;0.12026127972980825;0.15664718355710916;0.11224809234462134
02:01:54;78;0.32590774832216385;0.36941140989157695;0.5510315807260634;0.31972991196613615;0.4084487335607652;0.35639015634884;0.3451520195139275;0.33238779831393594;0.28332173351704953;0.27957497879282156;0.304196009026556;0.28490866771980633;0.3313654802441519;0.3322146127731349;0.3107990175035117;0.3579995619906495;0.4668619984489839;0.4032230345037544;0.3898212689009811;0.380815024000247;0.3182901581347005;0.32054825757501426;0.3459562699089432;0.3356013578099401;0.3657672322107187;0.3722872358446359;0.350894325105243;0.3047007632982441;0.4449579673424;2.2273774226118888;1.130596555078902;0.7276486414234813;0.5327961367441386;0.11080814929997056;0.510345221031003;0.1842927971991097;0.18825151843995586;0.14854437831698397;0.10205941792668366
02:03:28;79;0.3580807101908728;0.39909410691366004;0.5268633740262046;0.35990368687960467;0.47300103053447884;0.34924614218032285;0.3100672002680327;0.37914840759716917;0.32630419034600394;0.34154031445807603;0.31247012428962634;0.3736245571289394;0.3951224064188539;0.3208048743108438;0.32270455407363285;0.39197342493772014;0.5234139785305933;0.39546434327343316;0.3596973362233784;0.42585002712158243;0.35596370673485184;0.38085790274393283;0.3528999288047098;0.41411530108141265;0.43032576436827324;0.36625138638227805;0.3598225917237048;0.3301540493238264;0.5920026077729901;1.775770253437322;1.131820069958524;0.6780674098032277;0.5871002753042592;0.12210914980711007;0.5287370875623169;0.17821357702336663;0.13690526011150056;0.1530439075100713;0.1084368406999402
02:05:01;80;0.33763029019728125;0.3788913974177713;0.4629817956077254;0.30273804980165786;0.3740686352120771;0.33164131693152216;0.41286551984994546;0.3660602765180064;0.28315133557942146;0.28939839874340745;0.31685517132473706;0.3773839996996521;0.2589988961696569;0.3852231663074706;0.3157364568346024;0.33751538967980144;0.43498433948813886;0.37680253936128344;0.4542797695130299;0.4102395403618297;0.31501874979317024;0.3298215550211152;0.3571778484971776;0.41432939631994936;0.3027306274874657;0.42026663097095307;0.3569253269056622;0.3313087767362595;0.5974645888660011;1.4353541592853831;0.7830838312753822;0.6814547372736582;0.4745793583480324;0.13041990548372268;0.5641479046024926;0.1729194357046267;0.11469267314890534;0.15335406682113326;0.11700210974710744
02:06:35;81;0.3616501738024636;0.4021500303151193;0.48805570945476867;0.3092180225473566;0.42045454506108093;0.3582564703449053;0.35160745978087715;0.4147500183778607;0.31615307988691765;0.3251786066328;0.3760531561469912;0.3747047833387746;0.3855041581735727;0.3590524332852602;0.3287150678194027;0.34618297204383947;0.4786712498800188;0.4015175122993173;0.39917241667609943;0.4558464663449169;0.3459367482157897;0.36521597797018773;0.4151493780550576;0.4136046142283652;0.418385692812227;0.4008069934997755;0.362229755132976;0.25119001121055795;0.6213331546434542;1.4516853034787067;0.9174587689085706;0.6813790272939496;0.5808908100171787;0.12299174765624653;0.6126539061418395;0.2178180105657112;0.14601324525911633;0.1439624434309762;0.10929208485091604
02:08:08;82;0.3444590796183089;0.3858802484078462;0.5008384915904666;0.3784167912764626;0.4441991473015519;0.37507447759406304;0.33357962593277257;0.32665542808470244;0.3192216822186217;0.30844537955114837;0.3079803940366085;0.39112984217497293;0.2949012109176791;0.32556783847299775;0.29464529661977246;0.4148960172691222;0.49240017553447635;0.41955116757843425;0.3808126597811885;0.37566368162597463;0.3485162514762629;0.35061445225855514;0.3524474091752509;0.42720405142451556;0.3347872895897187;0.36431778859652936;0.337868186170856;0.22959005992587023;0.5053200898083244;1.8331434398744173;0.9176535002196708;0.646590987385773;0.5533083276196223;0.12284400136005591;0.5938612255890194;0.18916681022905724;0.14435424646589812;0.15599220401630173;0.11823700659158753
02:09:42;83;0.3263420023178378;0.37019397354828576;0.523252348116016;0.2775682569934933;0.3674308367806323;0.3580023911202301;0.37525836240998406;0.31762680994518644;0.3199268091239559;0.2610693208403251;0.28092971576290976;0.32748298819689914;0.2870189809309054;0.33081111543194985;0.384155488989822;0.32194820648126815;0.43203747185586855;0.4024647417344648;0.41651095218368256;0.3697985466501266;0.34766279611570117;0.31011352191559544;0.3325867098997024;0.36657681338086373;0.3288649284559243;0.3741378572132675;0.4145384117603801;0.2703565369292003;0.5804398469808626;1.845015382534121;1.061985863330888;0.7510646208757308;0.5427300135318824;0.12789493059239737;0.4669869053000357;0.22281341405903424;0.14739198955457383;0.16108361996165138;0.10126505374181562
02:11:15;84;0.3449273615104099;0.38740013063880496;0.4857343926641153;0.33464512060213886;0.4172486350595039;0.30175283797012564;0.33510620185086915;0.4107914997950091;0.3724540835555122;0.3098599326513224;0.34893055181858046;0.37672312601966534;0.274350890208226;0.3201064372528138;0.305564388877927;0.37014779093395933;0.47461677545084296;0.35209862810858356;0.38367417172567403;0.4539142507283722;0.39571207832665173;0.352212500906123;0.3894129709721401;0.41735182842863705;0.31437548674350213;0.36616628377235105;0.34940228692787123;0.2817910035354335;0.5844310494457804;1.6401010801734002;0.875160324021084;0.6519651198823277;0.5294376930085626;0.12078796568076787;0.5730717314016527;0.19833433891941862;0.10601932925058574;0.16713394843587065;0.10057912821449884
02:12:49;85;0.3445100312080252;0.3889969132843531;0.4910321012251384;0.350565158233541;0.45376683326763795;0.35988634995439434;0.377217161764676;0.34684155032874614;0.27615609877383834;0.31872689065101467;0.28872814308355205;0.3342668054812568;0.34714595619898153;0.3158528129940957;0.331835843409731;0.3933266331937658;0.5105664470518241;0.4060942693199042;0.4230689912014768;0.39492297567055457;0.31414956298492036;0.3650184357654046;0.3367280648324492;0.37804507972391366;0.3834149800774114;0.36003200087794934;0.3683921129239146;0.23130614080080175;0.558191019412948;1.8463572525396588;0.8794602694744019;0.6191738173147527;0.5066583599840723;0.12470499241134017;0.5550852609771053;0.17535887853401466;0.1364578526158158;0.15191161470078843;0.1077197559359597
02:14:22;86;0.3635716240034554;0.40292576974381283;0.5001896530992497;0.3380705365317224;0.44320573074593683;0.3244449476894768;0.32147000987114505;0.3703378442350009;0.36239313248976457;0.3510569725199204;0.43194788466425355;0.38765467518024926;0.2803934193264961;0.3243812844906073;0.3930173805489678;0.37712608344277726;0.49848292038624936;0.3680355675999204;0.373656759044209;0.41357214325762354;0.38995940967915654;0.38621537232514447;0.46549089462490834;0.4227667091225601;0.31930740994964935;0.37264627168734843;0.4170163999466987;0.2548587111874325;0.6549804085711153;1.6016937776891205;0.8861442739789082;0.7436173248291017;0.5165163400296758;0.1399487309375914;0.6275229214676996;0.20613175780307952;0.12612371842308745;0.1561676102186122;0.08857026205557149
02:15:56;87;0.3184766224091245;0.36519127208222585;0.525984311064448;0.3078031893303795;0.3990527242871915;0.2999036523135429;0.3041564467326239;0.34051316336055226;0.3464989332735371;0.2554291655599859;0.3249373797473978;0.30784192604011246;0.3216802195707112;0.2892973941672727;0.3031701938366982;0.3471330194483417;0.4590588772911918;0.35323339258566905;0.3573390661999409;0.3904467993465177;0.3763595995506836;0.30179343801328506;0.3688536330594466;0.35635506498475367;0.3595951520311028;0.3447468953949266;0.34684141681588937;0.28547298852990316;0.6022670927280332;1.9596044456668025;0.9433857298188095;0.733989319321586;0.48806910065252623;0.12167862661001158;0.6292348053906022;0.21194049715995789;0.11802236232452275;0.15556496619087898;0.06258179837974107
02:17:29;88;0.3164326619223284;0.36241126492909653;0.4974554355051825;0.2796980664786503;0.40715272856149737;0.3416950173116966;0.2978645739329523;0.2921250801026149;0.2720356407153448;0.3152655100551961;0.3235359285227261;0.2697013232679793;0.2993450237444076;0.35601567351352015;0.3155482202105142;0.31862096983881477;0.46594711041071163;0.38761305267659923;0.34940847600668046;0.3503985284289421;0.3123421278084466;0.35724827551013927;0.3628771100738548;0.32915216121408347;0.3379149901315891;0.3994462691464274;0.3513104127786121;0.24826885285900863;0.5899085690335529;1.6017913548539333;1.0370800136356821;0.6940974190031609;0.5704002751373665;0.15359328928153687;0.5149292486615297;0.20961054347637217;0.11798562037872104;0.15338117693982475;0.07841886280149948
02:19:03;89;0.2945915410928617;0.344363615863738;0.452873389803903;0.27326038712295;0.3467804412795459;0.2761187599810048;0.29395448213653197;0.26610139404524;0.2959743189017411;0.2436675518926697;0.35475389264501567;0.2919433454620628;0.2560377574975718;0.3476744577783802;0.26178736967973504;0.31352940751380365;0.41469617363421896;0.33169133466787565;0.3456659312383369;0.3306479961659593;0.3279034653941297;0.29329772539224863;0.39628917032501193;0.3427890552327078;0.30243158401766823;0.3935785292989397;0.3153841822740209;0.24109612696054505;0.5827553567362994;1.3223179570640011;0.8470428628456307;0.6321844853715199;0.5302175227062004;0.126579360165974;0.5948072087910118;0.20682157030919698;0.108434976710052;0.14306448737295666;0.0991587626134477
02:20:36;90;0.33065323625713655;0.3760048680231004;0.492950745453619;0.341947305531017;0.41259104396285534;0.28648884169644734;0.2978989162919274;0.3728210300163843;0.2716416389770346;0.2900421135540999;0.3906837080631215;0.310472440781682;0.3156360231984327;0.35606060988051536;0.28575948790585565;0.3818092306928893;0.4713537158336881;0.3443911952486884;0.3525951701120543;0.4185871490789626;0.30904042693920847;0.33572043482331393;0.4301340074890417;0.3569208072201329;0.3544072187201994;0.3942840496664533;0.3298076787482625;0.29863378815534647;0.5567096821127869;1.421718198264518;0.8667645867568695;0.646870008634358;0.6798620568324879;0.1593570450929607;0.7104393126179532;0.22749895367680525;0.1269480805317076;0.14464852151347374;0.07595871125416058
02:22:10;91;0.31561388145258856;0.3617866147632476;0.499335644584967;0.28681581196651035;0.39381851454484;0.3381993034879134;0.2842701830353215;0.30354314554605993;0.25655559015155105;0.2609654543499203;0.35403360784652793;0.34426756055878904;0.3127715287062199;0.32933823765440173;0.2942600199732617;0.3238238607214491;0.45281292815032603;0.3880460423915993;0.3376730990521712;0.363093691980705;0.29275650973205886;0.30850909827636025;0.3915236017811065;0.3878620026586836;0.3507086895703962;0.37469511039116327;0.3410694769317223;0.336868850312582;0.5924354437211663;1.6812010937202275;0.9775184644722356;0.6309489706085951;0.5535308066155853;0.12174909196612312;0.5431459328895661;0.19959954287220785;0.10493039422645803;0.16170459550691818;0.08839454810793806
02:23:43;92;0.3577007259974924;0.39983047851133424;0.5744210767573338;0.4009606619688172;0.45715527925651345;0.39747788325926015;0.3258143213234733;0.32686476327584996;0.3367879636530855;0.30790250947707787;0.2883156889105305;0.3599045605293867;0.32242615570232536;0.32056162326770204;0.4087142826604706;0.43395773436642104;0.5049436575623966;0.4410812865306362;0.3760030087489615;0.3798569998251044;0.36451680118430335;0.3552161348210817;0.33736561650813374;0.4057426417961995;0.3587034896609361;0.3657661418535666;0.4414934335635674;0.30680090127921694;0.5994940093450429;2.3292579148455372;1.2198636237877174;0.6637917299386932;0.5758208437627408;0.12952566750165892;0.5304464307500094;0.19057296536317686;0.1206141991949663;0.1489684111206997;0.0778962241985449
02:25:17;93;0.34108266440134466;0.3848802873920794;0.4875248223794549;0.34776323603395787;0.3926129891202583;0.32145113073109033;0.33468702668450373;0.3284654144368425;0.31695206139683985;0.27126761111539555;0.33900509620776464;0.311513026331857;0.32115911200854247;0.41287561703195164;0.37163097645549925;0.3832317758218645;0.45417411602466373;0.37132178301291846;0.3863654784143856;0.38357500437578834;0.34932171610740875;0.32142081519493865;0.3805572499247034;0.3588488864579798;0.35665454624905235;0.44882111875258385;0.4032234063122074;0.28094904389323266;0.5710163625711348;1.5972071819770635;0.8227154643942675;0.7002134656469997;0.5312178321400793;0.10316853788567752;0.6619883855268722;0.1885927770195938;0.16306743964552883;0.13828357646378078;0.091877801389229
02:26:50;94;0.2986082445223604;0.34820261297304506;0.4877608959549449;0.3041919940202023;0.3437944148228477;0.3346807068868271;0.29997853549084375;0.28014765235578243;0.25377600923420623;0.25253095471061593;0.2885539526341724;0.32556116487325604;0.26307888890901054;0.3394827565504281;0.2773221043864479;0.3409849083299345;0.4152567167537879;0.38135890262027916;0.3559939807360878;0.3418046653525251;0.29361986984362365;0.3019012584472076;0.33725728848738634;0.37517824210524775;0.3064175793796839;0.3804273635809838;0.32674175280311707;0.25770904344756435;0.6210468477301481;1.7196124202449155;0.9730202233209841;0.6094703880461252;0.5084919145703316;0.09578360418357504;0.5272093728039322;0.1623481745981589;0.1262552363843453;0.1471538797311667;0.10502964639809073
02:28:24;95;0.29512035671142967;0.34569422604018285;0.49882980301097896;0.33313450268692374;0.36324765701936557;0.30133806549595776;0.2908017479389278;0.27141558709952746;0.27563681532705614;0.2685816592830382;0.2860679477177216;0.2621893276853381;0.26191748684934124;0.3109131596877958;0.29871467788769107;0.37025565160557483;0.43000463046170695;0.3570897999534933;0.3461918132391566;0.3307750962225437;0.3064614252421103;0.3212468088357324;0.33520498942070065;0.3223859350025011;0.30517058402240316;0.3579791361831172;0.3472683575806551;0.31683791903460906;0.6017445923642413;1.5581264458633057;1.0438386551781398;0.6000886025515998;0.5844931672477139;0.1044722264787046;0.6167490190485628;0.21306370567984692;0.11845637544989586;0.14020481815788807;0.08788210907723845
02:29:57;96;0.39477802284748575;0.4343317076654663;0.5211677013452704;0.41826071868166287;0.4222706458186511;0.46568435210451026;0.35087126714825867;0.36141999120720586;0.370473154485548;0.34963969120158794;0.3493224031478902;0.4267196685384225;0.39860326694365206;0.47207392410931565;0.31779278673083194;0.45508331757941395;0.4817398119481467;0.5040045094332414;0.3977965455894196;0.41067221160463124;0.39313224690928905;0.3854380332094268;0.38810989642015886;0.4650406725273573;0.4362147448475336;0.5041800793096693;0.35937656329246725;0.3094161222184577;0.5978117806082819;2.0933225641018014;0.9372111944309095;0.6044814646680181;0.5679901755510306;0.11874494428314816;0.5199849044767823;0.15801367261060859;0.13780426932544243;0.1383052620146333;0.07092606185412989
02:31:31;97;0.36187762082530317;0.4032907177470232;0.49709809873434835;0.31048926809631244;0.42881155051663317;0.32243815393253983;0.3276041823679427;0.3874405828338527;0.41270922214981115;0.29361475039857815;0.3762140818479845;0.33212210633077066;0.3302202088437887;0.40935217221511344;0.38050712583214724;0.34975039786152873;0.4851331669717183;0.37296237335615623;0.3816140332436081;0.43037102036220937;0.43772476241609865;0.33725188135459766;0.41371349400280094;0.3753082552139812;0.3675745705445181;0.44461625530062365;0.4170613878779911;0.32716484685496594;0.6251061362100809;1.4974941653740121;0.931368282306485;0.7050180959338096;0.620655865124086;0.11299408986801056;0.534650311506376;0.2714655216365326;0.12828740114118997;0.14012912098590924;0.07084334787072205
02:33:04;98;0.31598913492169467;0.3621904288764675;0.4739376183750669;0.2705745606259555;0.48957188782471117;0.30320811873949277;0.28977014754678365;0.28586081568619653;0.3185951632899354;0.30084964528077635;0.3037457278160966;0.2894572289674042;0.24894197935044532;0.3552842187466947;0.26724652134095767;0.3120739621007478;0.5351890143958058;0.3551958559711563;0.34311612467972596;0.3429777919025699;0.3464201533696225;0.3497084756508308;0.34774017549243685;0.3444006174989199;0.2941539304372966;0.3960661818073884;0.3218787886681236;0.2814770890735999;0.5477539537592632;1.5562078392214898;0.9617729200531797;0.5779829096939506;0.5609401098475223;0.1591639919215586;0.5142124834293273;0.19390950612178665;0.12582592139156856;0.13874740227330026;0.06925729371425582
02:34:38;99;0.37188886444185965;0.41152237992742996;0.5095186206568185;0.33630114816046786;0.4961892844521282;0.3660912585750468;0.38250754974890006;0.33518303076497125;0.32870009449577153;0.31423481372199574;0.34490981459941933;0.3830359496733328;0.3653817773876848;0.3581781092023751;0.41637619038094;0.37051421182366745;0.5440472620135809;0.4121799399268077;0.42606752587760904;0.3830447129660825;0.3576452978305139;0.3600301564219752;0.38289342735714693;0.42142408479679355;0.4004493558000761;0.3954677348263593;0.4497763128133405;0.2740031391963727;0.6225640053792696;1.823048262247226;0.8922104092196722;0.6516968188925488;0.5252130115686393;0.1467870583439745;0.5915293175127447;0.22819595081050226;0.14789371855738684;0.15013453483581546;0.06094722131766924
02:36:11;100;0.2936196509215107;0.3450037597374362;0.5254253814175605;0.2701850513712379;0.36292645952863;0.3254703306500112;0.3390830011672469;0.27541213786710045;0.2604550449236608;0.24817032880109832;0.2766281793072014;0.2704099322186873;0.25017388339333857;0.3195592438165612;0.29882973789034084;0.3147455959949297;0.43330133558633527;0.37772984671066445;0.38838024046876984;0.3351706915036492;0.29779726425697106;0.3031915295320426;0.3297043741985079;0.3255485712879427;0.2969636854359565;0.36385975567393003;0.34609435103800823;0.32036859851057947;0.56652203085219;2.05816805862799;0.9355881334223398;0.6848565801905422;0.5544960546929661;0.12974178994937638;0.48717311619258513;0.21533691037718838;0.11773540561155575;0.14751025072321663;0.08760764786019558
